"statename","warid","name","side","startmonth","startday","startyear","endmonth","endday","endyear","locationid","initiator","outcome","death","lat","long"
"France",1,"Franco-Spanish War",1,4,7,1823,11,13,1823,2,1,1,400,"46.227638","2.213749"
"Spain",1,"Franco-Spanish War",2,4,7,1823,11,13,1823,2,2,2,600,"40.463667","-3.74922"
"Ottoman Empire",4,"First Russo-Turkish",2,4,26,1828,9,14,1829,11,2,2,80000,"41.0039643","28.4517462"
"Russia",4,"First Russo-Turkish",1,4,26,1828,9,14,1829,11,1,1,50000,"61.52401","105.318756"
"Mexico",7,"Mexican-American",2,4,25,1846,9,14,1847,1,2,2,6000,"23.634501","-102.552784"
"United States of America",7,"Mexican-American",1,4,25,1846,9,14,1847,1,1,1,13283,"38.899265","-77.1546508"
"Austria",10,"Austro-Sardinian",1,3,24,1848,8,9,1848,2,2,1,3927,"47.516231","14.550072"
"Italy",10,"Austro-Sardinian",2,3,24,1848,8,9,1848,2,1,2,3400,"41.87194","12.56738"
"Tuscany",10,"Austro-Sardinian",2,3,29,1848,8,9,1848,2,2,2,100,"43.3500235","9.9079493"
"Modena",10,"Austro-Sardinian",2,4,9,1848,8,9,1848,2,2,2,100,"44.6501557","10.8516923"
"Denmark",13,"First Schleswig-Holstein",2,4,10,1848,8,26,1848,2,2,2,3500,"56.26392","9.501785"
"Prussia",13,"First Schleswig-Holstein",1,4,10,1848,8,26,1848,2,1,1,2500,"52.5072111","13.1459682"
"France",16,"Roman Republic",1,4,30,1849,7,2,1849,2,1,1,1000,"46.227638","2.213749"
"Papal States",16,"Roman Republic",2,4,30,1849,7,2,1849,2,2,2,1400,"41.9097306","12.2558141"
"Austria",16,"Roman Republic",1,5,8,1849,7,2,1849,2,2,1,100,"47.516231","14.550072"
"Two Sicilies",16,"Roman Republic",1,5,8,1849,7,2,1849,2,2,1,100,"38.1404022","13.2172042"
"Argentina",19,"La Plata",2,7,19,1851,2,3,1852,1,2,2,800,"-38.416097","-63.616672"
"Brazil",19,"La Plata",1,7,19,1851,2,3,1852,1,1,1,500,"-14.235004","-51.92528"
"Russia",22,"Crimean",2,10,23,1853,3,1,1856,2,2,2,100000,"61.52401","105.318756"
"Turkey",22,"Crimean",1,10,23,1853,3,1,1856,2,1,1,45000,"38.963745","35.243322"
"France",22,"Crimean",1,3,31,1854,3,1,1856,2,2,1,95000,"46.227638","2.213749"
"United Kingdom",22,"Crimean",1,3,31,1854,3,1,1856,2,2,1,22000,"55.378051","-3.435973"
"Italy",22,"Crimean",1,1,10,1855,3,1,1856,2,2,1,2200,"41.87194","12.56738"
"Iran",25,"Anglo-Persian",2,10,25,1856,4,5,1857,6,2,2,1500,"32.427908","53.688046"
"United Kingdom",25,"Anglo-Persian",1,10,25,1856,4,5,1857,6,1,1,500,"55.378051","-3.435973"
"Austria",28,"Italian Unification",2,4,29,1859,7,12,1859,2,1,2,12500,"47.516231","14.550072"
"Sardinia/Piedmont",28,"Italian Unification",1,4,29,1859,7,12,1859,2,2,1,2500,"45.0700534","7.5300058"
"France",28,"Italian Unification",1,5,3,1859,7,12,1859,2,2,1,7500,"46.227638","2.213749"
"Morocco",31,"First Spanish-Moroccan",2,10,22,1859,3,25,1860,6,2,2,6000,"31.791702","-7.09262"
"Spain",31,"First Spanish-Moroccan",1,10,22,1859,3,25,1860,6,1,1,4000,"40.463667","-3.74922"
"Papal States",34,"Italian-Roman",2,9,11,1860,9,29,1860,2,2,2,700,"41.9097306","12.2558141"
"Sardinia/Piedmont",34,"Italian-Roman",1,9,11,1860,9,29,1860,2,1,1,300,"45.0700534","7.5300058"
"Sardinia/Piedmont",37,"Neapolitan",1,10,15,1860,2,13,1861,2,1,1,600,"45.0700534","7.5300058"
"Two Sicilies",37,"Neapolitan",2,10,15,1860,2,13,1861,2,2,2,400,"38.1404022","13.2172042"
"France",40,"Franco-Mexican",2,4,16,1862,2,5,1867,1,1,4,8000,"46.227638","2.213749"
"Mexico",40,"Franco-Mexican",1,4,16,1862,2,5,1867,1,2,4,12000,"23.634501","-102.552784"
"Colombia",43,"Ecuadorian-Colombian",1,11,22,1863,12,6,1863,1,1,1,300,"4.570868","-74.297333"
"Ecuador",43,"Ecuadorian-Colombian",2,11,22,1863,12,6,1863,1,2,2,700,"-1.831239","-78.183406"
"Austria",46,"Second Schleswig-Holstein",1,2,1,1864,4,25,1864,2,2,1,500,"47.516231","14.550072"
"Denmark",46,"Second Schleswig-Holstein",2,2,1,1864,4,25,1864,2,2,2,2933,"56.26392","9.501785"
"Germany",46,"Second Schleswig-Holstein",1,2,1,1864,4,25,1864,2,1,1,1048,"51.165691","10.451526"
"Brazil",49,"Lopez",1,11,12,1864,3,1,1870,1,2,1,100000,"-14.235004","-51.92528"
"Paraguay",49,"Lopez",2,11,12,1864,3,1,1870,1,1,2,200000,"-23.442503","-58.443832"
"Argentina",49,"Lopez",1,3,5,1865,3,1,1870,1,2,1,10000,"-38.416097","-63.616672"
"Chile",52,"Naval War",1,9,25,1865,5,9,1866,1,2,1,100,"-35.675147","-71.542969"
"Spain",52,"Naval War",2,9,25,1865,5,9,1866,1,1,2,300,"40.463667","-3.74922"
"Peru",52,"Naval War",1,1,14,1866,5,9,1866,1,2,1,600,"-9.189967","-75.015152"
"Austria",55,"Seven Weeks",2,6,15,1866,7,26,1866,2,2,2,28000,"47.516231","14.550072"
"Baden",55,"Seven Weeks",2,6,15,1866,7,26,1866,2,2,2,100,"48.5736354","7.177874"
"Bavaria",55,"Seven Weeks",2,6,15,1866,7,26,1866,2,2,2,500,"48.8956655","9.1652866"
"Germany",55,"Seven Weeks",1,6,15,1866,7,26,1866,2,1,1,10000,"51.165691","10.451526"
"Hanover",55,"Seven Weeks",2,6,15,1866,6,29,1866,2,2,2,500,"52.3795836","9.6213892"
"Hesse Electoral",55,"Seven Weeks",2,6,15,1866,7,26,1866,2,2,2,100,"51.3148025","9.3205324"
"Hesse Grand Ducal",55,"Seven Weeks",2,6,15,1866,7,26,1866,2,2,2,100,"50.5210273","7.8846332"
"Mecklenburg Schwerin",55,"Seven Weeks",1,6,15,1866,7,26,1866,2,2,1,100,"53.8765876","10.2605323"
"Saxony",55,"Seven Weeks",2,6,15,1866,7,26,1866,2,2,2,600,"51.0764989","13.4924075"
"Wuerttemburg",55,"Seven Weeks",2,6,15,1866,7,26,1866,2,2,2,100,"49.0192919","8.6134372"
"Italy",55,"Seven Weeks",1,6,20,1866,7,26,1866,2,2,1,4000,"41.87194","12.56738"
"Baden",58,"Franco-Prussian",1,7,19,1870,11,22,1870,2,2,1,956,"48.5736354","7.177874"
"Bavaria",58,"Franco-Prussian",1,7,19,1870,11,15,1870,2,2,1,5600,"48.8956655","9.1652866"
"France",58,"Franco-Prussian",2,7,19,1870,2,26,1871,2,1,2,152000,"46.227638","2.213749"
"Germany",58,"Franco-Prussian",1,7,19,1870,2,26,1871,2,2,1,44781,"51.165691","10.451526"
"Wuerttemburg",58,"Franco-Prussian",1,7,19,1870,11,25,1870,2,2,1,976,"49.0192919","8.6134372"
"El Salvador",60,"First Central American",2,3,27,1876,4,25,1876,1,2,2,2000,"13.794185","-88.89653"
"Guatemala",60,"First Central American",1,3,27,1876,4,25,1876,1,1,1,2000,"15.783471","-90.230759"
"Russia",61,"Second Russo-Turkish",1,4,24,1877,1,31,1878,11,1,1,120000,"61.52401","105.318756"
"Turkey",61,"Second Russo-Turkish",2,4,24,1877,1,31,1878,11,2,2,165000,"38.963745","35.243322"
"Bolivia",64,"War of the Pacific",2,2,14,1879,12,11,1883,1,2,2,920,"-16.290154","-63.588653"
"Chile",64,"War of the Pacific",1,2,14,1879,12,11,1883,1,1,1,3276,"-35.675147","-71.542969"
"Peru",64,"War of the Pacific",2,4,5,1879,10,23,1883,1,2,2,9672,"-9.189967","-75.015152"
"Egypt",65,"Conquest of Egypt",2,7,11,1882,9,15,1882,6,2,2,10000,"26.820553","30.802498"
"United Kingdom",65,"Conquest of Egypt",1,7,11,1882,9,15,1882,6,1,1,79,"55.378051","-3.435973"
"China",67,"Sino-French",2,6,15,1884,6,9,1885,7,2,2,10000,"35.86166","104.195397"
"France",67,"Sino-French",1,6,15,1884,6,9,1885,7,1,1,2100,"46.227638","2.213749"
"El Salvador",70,"Second Central American",1,3,28,1885,4,15,1885,1,2,1,200,"13.794185","-88.89653"
"Guatemala",70,"Second Central American",2,3,28,1885,4,15,1885,1,1,2,800,"15.783471","-90.230759"
"China",73,"First Sino-Japanese",2,7,25,1894,3,30,1895,7,2,2,10000,"35.86166","104.195397"
"Japan",73,"First Sino-Japanese",1,7,25,1894,3,30,1895,7,1,1,5000,"36.204824","138.252924"
"Greece",76,"Greco-Turkish",2,2,15,1897,5,19,1897,2,1,2,600,"39.074208","21.824312"
"Turkey",76,"Greco-Turkish",1,2,15,1897,5,19,1897,2,2,1,1400,"38.963745","35.243322"
"Spain",79,"Spanish-American",2,4,22,1898,8,12,1898,13,2,2,775,"40.463667","-3.74922"
"United States of America",79,"Spanish-American",1,4,22,1898,8,12,1898,13,1,1,2910,"38.899265","-77.1546508"
"China",82,"Boxer Rebellion",2,6,17,1900,8,14,1900,7,2,2,2000,"35.86166","104.195397"
"France",82,"Boxer Rebellion",1,6,17,1900,8,14,1900,7,1,1,24,"46.227638","2.213749"
"Japan",82,"Boxer Rebellion",1,6,17,1900,8,14,1900,7,1,1,622,"36.204824","138.252924"
"Russia",82,"Boxer Rebellion",1,6,17,1900,8,14,1900,7,1,1,302,"61.52401","105.318756"
"United Kingdom",82,"Boxer Rebellion",1,6,17,1900,8,14,1900,7,1,1,34,"55.378051","-3.435973"
"United States of America",82,"Boxer Rebellion",1,6,17,1900,8,14,1900,7,1,1,21,"38.899265","-77.1546508"
"China",83,"Sino-Russian",2,7,17,1900,10,10,1900,7,2,2,3758,"35.86166","104.195397"
"Russia",83,"Sino-Russian",1,7,17,1900,10,10,1900,7,1,1,242,"61.52401","105.318756"
"Japan",85,"Russo-Japanese",1,2,8,1904,9,15,1905,7,1,1,80378,"36.204824","138.252924"
"Russia",85,"Russo-Japanese",2,2,8,1904,9,15,1905,7,2,2,71453,"61.52401","105.318756"
"El Salvador",88,"Third Central American",2,5,27,1906,7,20,1906,1,2,2,300,"13.794185","-88.89653"
"Guatemala",88,"Third Central American",1,5,27,1906,7,20,1906,1,1,1,400,"15.783471","-90.230759"
"Honduras",88,"Third Central American",2,5,27,1906,7,20,1906,1,2,2,300,"15.199999","-86.241905"
"El Salvador",91,"Fourth Central American",2,2,19,1907,4,23,1907,1,2,2,300,"13.794185","-88.89653"
"Honduras",91,"Fourth Central American",2,2,19,1907,4,23,1907,1,2,2,300,"15.199999","-86.241905"
"Nicaragua",91,"Fourth Central American",1,2,19,1907,4,23,1907,1,1,1,400,"12.865416","-85.207229"
"Morocco",94,"Second Spanish-Moroccan",2,7,7,1909,3,23,1910,6,2,2,8000,"31.791702","-7.09262"
"Spain",94,"Second Spanish-Moroccan",1,7,7,1909,3,23,1910,6,1,1,2000,"40.463667","-3.74922"
"Italy",97,"Italian-Turkish",1,9,29,1911,10,18,1912,6,1,1,6000,"41.87194","12.56738"
"Turkey",97,"Italian-Turkish",2,9,29,1911,10,18,1912,6,2,2,14000,"38.963745","35.243322"
"Bulgaria",100,"First Balkan",1,10,17,1912,12,3,1912,2,2,1,32000,"42.733883","25.48583"
"Greece",100,"First Balkan",1,10,17,1912,4,19,1913,11,2,1,5000,"39.074208","21.824312"
"Turkey",100,"First Balkan",2,10,17,1912,4,19,1913,11,2,2,30000,"38.963745","35.243322"
"Yugoslavia",100,"First Balkan",1,10,17,1912,12,3,1912,11,1,1,15000,"44.8149028","20.1424149"
"Bulgaria",103,"Second Balkan",2,6,30,1913,7,30,1913,2,1,2,18000,"42.733883","25.48583"
"Greece",103,"Second Balkan",1,6,30,1913,7,30,1913,2,2,1,2500,"39.074208","21.824312"
"Yugoslavia",103,"Second Balkan",1,6,30,1913,7,30,1913,2,2,1,18500,"44.8149028","20.1424149"
"Romania",103,"Second Balkan",1,7,11,1913,7,30,1913,2,2,1,1500,"45.943161","24.96676"
"Turkey",103,"Second Balkan",1,7,15,1913,7,30,1913,2,2,1,20000,"38.963745","35.243322"
"Austria-Hungary",106,"World War I",2,7,29,1914,11,3,1918,2,1,2,1200000,"47.162494","19.503304"
"Yugoslavia",106,"World War I",1,7,29,1914,11,11,1918,2,2,1,70000,"44.8149028","20.1424149"
"Germany",106,"World War I",2,8,1,1914,11,11,1918,15,2,2,1773700,"51.165691","10.451526"
"Russia",106,"World War I",1,8,1,1914,12,5,1917,11,2,1,1700000,"61.52401","105.318756"
"France",106,"World War I",1,8,3,1914,11,11,1918,14,2,1,1385000,"46.227638","2.213749"
"Belgium",106,"World War I",1,8,4,1914,11,11,1918,2,2,1,13716,"50.503887","4.469936"
"United Kingdom",106,"World War I",1,8,5,1914,11,11,1918,15,2,1,908371,"55.378051","-3.435973"
"Japan",106,"World War I",1,8,23,1914,11,11,1918,7,2,1,300,"36.204824","138.252924"
"Turkey",106,"World War I",2,10,28,1914,10,30,1918,6,2,2,325000,"38.963745","35.243322"
"Italy",106,"World War I",1,5,23,1915,11,11,1918,2,2,1,650000,"41.87194","12.56738"
"Bulgaria",106,"World War I",2,10,12,1915,9,29,1918,2,2,2,87500,"42.733883","25.48583"
"Portugal",106,"World War I",1,3,1,1916,11,11,1918,2,2,1,7222,"39.399872","-8.224454"
"Romania",106,"World War I",1,8,27,1916,12,9,1917,2,2,1,335706,"45.943161","24.96676"
"United States of America",106,"World War I",1,4,17,1917,11,11,1918,2,2,1,116516,"38.899265","-77.1546508"
"Greece",106,"World War I",1,6,29,1917,11,11,1918,2,2,1,5000,"39.074208","21.824312"
"Estonia",107,"Estonian Liberation",1,11,22,1918,1,3,1920,2,2,1,3600,"58.595272","25.013607"
"Russia",107,"Estonian Liberation",2,11,22,1918,1,3,1920,2,1,2,8000,"61.52401","105.318756"
"Latvia",108,"Latvian Liberation",1,12,2,1918,2,1,1920,2,2,1,3046,"56.879635","24.603189"
"Russia",108,"Latvian Liberation",2,12,2,1918,2,1,1920,2,1,2,8000,"61.52401","105.318756"
"Germany",108,"Latvian Liberation",1,12,7,1918,4,15,1919,2,2,8,450,"51.165691","10.451526"
"Finland",107,"Estonian Liberation",1,12,30,1918,1,3,1920,2,2,1,150,"61.92411","25.748151"
"Estonia",108,"Latvian Liberation",1,1,1,1919,1,3,1920,2,2,1,1000,"58.595272","25.013607"
"Poland",109,"Russo-Polish",1,2,14,1919,10,18,1920,2,2,1,40000,"51.919438","19.145136"
"Russia",109,"Russo-Polish",2,2,14,1919,10,18,1920,2,1,2,60000,"61.52401","105.318756"
"Germany",108,"Latvian Liberation",2,4,16,1919,7,13,1919,2,2,2,750,"51.165691","10.451526"
"Hungary",112,"Hungarian Adversaries",2,4,16,1919,8,4,1919,2,2,2,6000,"47.162494","19.503304"
"Romania",112,"Hungarian Adversaries",1,4,16,1919,8,4,1919,2,1,1,3000,"45.943161","24.96676"
"Czechoslovakia",112,"Hungarian Adversaries",1,4,26,1919,8,4,1919,2,2,1,2000,"49.7170445","10.9886183"
"Greece",115,"Second Greco-Turkish",2,5,5,1919,10,11,1922,11,1,2,30000,"39.074208","21.824312"
"Turkey",115,"Second Greco-Turkish",1,5,5,1919,10,11,1922,11,2,1,20000,"38.963745","35.243322"
"France",116,"Franco-Turkish",1,11,1,1919,10,20,1921,6,1,3,5000,"46.227638","2.213749"
"Turkey",116,"Franco-Turkish",2,11,1,1919,10,20,1921,6,2,3,35000,"38.963745","35.243322"
"Lithuania",117,"Lithuanian-Polish",2,7,15,1920,12,1,1920,2,2,2,500,"55.169438","23.881275"
"Poland",117,"Lithuanian-Polish",1,7,15,1920,12,1,1920,2,1,1,500,"51.919438","19.145136"
"China",118,"Manchurian",2,8,17,1929,12,3,1929,7,2,2,3000,"35.86166","104.195397"
"USSR",118,"Manchurian",1,8,17,1929,12,3,1929,7,1,1,200,"55.7494733","37.35232"
"China",121,"Second Sino-Japanese",2,12,19,1931,5,22,1933,7,2,2,50000,"35.86166","104.195397"
"Japan",121,"Second Sino-Japanese",1,12,19,1931,5,22,1933,7,1,1,10000,"36.204824","138.252924"
"Bolivia",124,"Chaco",2,6,15,1932,6,12,1935,1,1,2,56661,"-16.290154","-63.588653"
"Paraguay",124,"Chaco",1,6,15,1932,6,12,1935,1,2,1,36000,"-23.442503","-58.443832"
"Saudi Arabia",125,"Saudi-Yemeni",1,3,20,1934,5,13,1934,6,1,1,100,"23.885942","45.079162"
"Yemen Arab Republic",125,"Saudi-Yemeni",2,3,20,1934,5,13,1934,6,2,2,2000,"15.3830007","44.0711942"
"Ethiopia",127,"Conquest of Ethiopia",2,10,3,1935,5,9,1936,4,2,2,16000,"9.145","40.489673"
"Italy",127,"Conquest of Ethiopia",1,10,3,1935,5,9,1936,4,1,1,4000,"41.87194","12.56738"
"China",130,"Third Sino-Japanese",2,7,7,1937,12,6,1941,7,2,2,750000,"35.86166","104.195397"
"Japan",130,"Third Sino-Japanese",1,7,7,1937,12,6,1941,7,1,1,250000,"36.204824","138.252924"
"Japan",133,"Changkufeng",1,7,29,1938,8,11,1938,7,1,2,526,"36.204824","138.252924"
"USSR",133,"Changkufeng",2,7,29,1938,8,11,1938,7,2,1,1200,"55.7494733","37.35232"
"Japan",136,"Nomonhan",2,5,11,1939,9,16,1939,7,1,2,20000,"36.204824","138.252924"
"Mongolia",136,"Nomonhan",1,5,11,1939,9,16,1939,7,2,1,3000,"46.862496","103.846656"
"USSR",136,"Nomonhan",1,5,11,1939,9,16,1939,7,2,1,5000,"55.7494733","37.35232"
"Germany",139,"World War II",2,9,1,1939,5,7,1945,14,1,2,3500000,"51.165691","10.451526"
"Poland",139,"World War II",1,9,1,1939,9,27,1939,2,2,1,320000,"51.919438","19.145136"
"Australia",139,"World War II",1,9,3,1939,8,14,1945,16,2,1,33826,"-25.274398","133.775136"
"France",139,"World War II",1,9,3,1939,6,22,1940,2,2,1,210824,"46.227638","2.213749"
"New Zealand",139,"World War II",1,9,3,1939,8,14,1945,16,2,1,12200,"-40.900557","174.885971"
"United Kingdom",139,"World War II",1,9,3,1939,8,14,1945,15,2,1,418765,"55.378051","-3.435973"
"South Africa",139,"World War II",1,9,6,1939,8,14,1945,4,2,1,8700,"-30.559482","22.937506"
"Canada",139,"World War II",1,9,10,1939,8,14,1945,2,2,1,41992,"56.130366","-106.346771"
"Finland",142,"Russo-Finnish",2,11,30,1939,3,12,1940,2,2,2,24923,"61.92411","25.748151"
"USSR",142,"Russo-Finnish",1,11,30,1939,3,12,1940,2,1,1,126875,"55.7494733","37.35232"
"Norway",139,"World War II",1,4,9,1940,6,9,1940,2,2,1,3000,"60.472024","8.468946"
"Belgium",139,"World War II",1,5,10,1940,5,28,1940,2,2,1,9600,"50.503887","4.469936"
"Netherlands",139,"World War II",1,5,10,1940,5,14,1940,2,2,1,7900,"52.132633","5.291266"
"Italy",139,"World War II",2,6,10,1940,9,2,1943,14,2,2,174500,"41.87194","12.56738"
"France",139,"World War II",2,7,7,1940,7,14,1941,2,2,2,2500,"46.227638","2.213749"
"Greece",139,"World War II",1,10,25,1940,4,23,1941,2,2,1,18300,"39.074208","21.824312"
"France",145,"Franco-Thai",2,12,1,1940,1,28,1941,7,2,2,700,"46.227638","2.213749"
"Thailand",145,"Franco-Thai",1,12,1,1940,1,28,1941,7,1,1,700,"15.870032","100.992541"
"Ethiopia",139,"World War II",1,1,24,1941,7,3,1941,4,2,1,5000,"9.145","40.489673"
"Yugoslavia",139,"World War II",1,4,6,1941,4,17,1941,2,2,1,305000,"44.8149028","20.1424149"
"Romania",139,"World War II",2,6,22,1941,8,23,1944,2,2,2,290000,"45.943161","24.96676"
"USSR",139,"World War II",1,6,22,1941,5,7,1945,12,2,1,7500000,"55.7494733","37.35232"
"Finland",139,"World War II",2,6,25,1941,9,19,1944,2,2,2,65000,"61.92411","25.748151"
"Hungary",139,"World War II",2,6,27,1941,1,20,1945,2,2,2,136000,"47.162494","19.503304"
"China",139,"World War II",1,12,7,1941,8,14,1945,7,2,1,1350000,"35.86166","104.195397"
"Japan",139,"World War II",2,12,7,1941,8,14,1945,17,2,2,1740000,"36.204824","138.252924"
"United States of America",139,"World War II",1,12,7,1941,8,14,1945,19,2,1,405400,"38.899265","-77.1546508"
"Bulgaria",139,"World War II",2,12,13,1941,9,8,1944,2,2,2,9000,"42.733883","25.48583"
"Italy",139,"World War II",1,10,18,1943,5,7,1945,14,2,1,52400,"41.87194","12.56738"
"Brazil",139,"World War II",1,7,6,1944,5,7,1945,2,2,1,1000,"-14.235004","-51.92528"
"Bulgaria",139,"World War II",1,9,9,1944,5,7,1945,2,2,1,1000,"42.733883","25.48583"
"Romania",139,"World War II",1,9,9,1944,5,7,1945,2,2,1,10000,"45.943161","24.96676"
"Mongolia",139,"World War II",1,8,10,1945,8,14,1945,7,2,1,3000,"46.862496","103.846656"
"India",147,"First Kashmir",1,10,26,1947,1,1,1949,7,1,6,2500,"20.593684","78.96288"
"Pakistan",147,"First Kashmir",2,10,26,1947,1,1,1949,7,2,6,1000,"30.375321","69.345116"
"Egypt",148,"Arab-Israeli",2,5,15,1948,7,18,1948,6,2,2,2000,"26.820553","30.802498"
"Iraq",148,"Arab-Israeli",2,5,15,1948,7,18,1948,6,2,2,500,"33.223191","43.679291"
"Israel",148,"Arab-Israeli",1,5,15,1948,7,18,1948,6,2,1,3000,"31.046051","34.851612"
"Jordan",148,"Arab-Israeli",2,5,15,1948,7,18,1948,6,1,2,1000,"30.585164","36.238414"
"Lebanon",148,"Arab-Israeli",2,5,15,1948,7,18,1948,6,2,2,500,"33.854721","35.862285"
"Syria",148,"Arab-Israeli",2,5,15,1948,7,18,1948,6,2,2,1000,"34.802075","38.996815"
"North Korea",151,"Korean",2,6,24,1950,7,27,1953,7,1,6,316579,"40.339852","127.510093"
"South Korea",151,"Korean",1,6,24,1950,7,27,1953,7,2,6,113248,"35.907757","127.766922"
"United States of America",151,"Korean",1,6,27,1950,7,27,1953,7,2,6,54487,"38.899265","-77.1546508"
"United Kingdom",151,"Korean",1,8,29,1950,7,27,1953,7,2,6,710,"55.378051","-3.435973"
"Philippines",151,"Korean",1,9,16,1950,7,27,1953,7,2,6,92,"12.879721","121.774017"
"Turkey",151,"Korean",1,10,18,1950,7,27,1953,7,2,6,717,"38.963745","35.243322"
"China",151,"Korean",2,10,27,1950,7,27,1953,7,2,6,422612,"35.86166","104.195397"
"Australia",151,"Korean",1,12,10,1950,7,27,1953,7,2,6,291,"-25.274398","133.775136"
"Canada",151,"Korean",1,12,19,1950,7,27,1953,7,2,6,309,"56.130366","-106.346771"
"France",151,"Korean",1,1,1,1951,7,27,1953,7,2,6,288,"46.227638","2.213749"
"Belgium",151,"Korean",1,1,20,1951,7,27,1953,7,2,6,97,"50.503887","4.469936"
"Greece",151,"Korean",1,1,20,1951,7,27,1953,7,2,6,169,"39.074208","21.824312"
"Netherlands",151,"Korean",1,1,20,1951,7,27,1953,7,2,6,111,"52.132633","5.291266"
"Thailand",151,"Korean",1,1,20,1951,7,27,1953,7,2,6,114,"15.870032","100.992541"
"Ethiopia",151,"Korean",1,5,1,1951,7,27,1953,7,2,6,120,"9.145","40.489673"
"Colombia",151,"Korean",1,6,6,1951,7,27,1953,7,2,6,140,"4.570868","-74.297333"
"China",153,"Off-shore Islands",1,9,3,1954,4,23,1955,7,1,1,1003,"35.86166","104.195397"
"Taiwan",153,"Off-shore Islands",2,9,3,1954,4,23,1955,7,2,2,1367,"23.69781","120.960515"
"Egypt",155,"Sinai War",2,10,29,1956,11,6,1956,6,2,2,3000,"26.820553","30.802498"
"Israel",155,"Sinai War",1,10,29,1956,11,6,1956,6,1,1,189,"31.046051","34.851612"
"France",155,"Sinai War",1,10,31,1956,11,6,1956,6,2,1,10,"46.227638","2.213749"
"United Kingdom",155,"Sinai War",1,10,31,1956,11,6,1956,6,2,1,22,"55.378051","-3.435973"
"Hungary",156,"Soviet Invasion of Hungary",2,11,4,1956,11,14,1956,2,2,2,926,"47.162494","19.503304"
"USSR",156,"Soviet Invasion of Hungary",1,11,4,1956,11,14,1956,2,1,1,1500,"55.7494733","37.35232"
"Morocco",158,"IfniWar",2,11,21,1957,4,10,1958,6,1,2,1000,"31.791702","-7.09262"
"Spain",158,"IfniWar",1,11,21,1957,4,10,1958,6,2,1,122,"40.463667","-3.74922"
"France",158,"IfniWar",1,2,10,1958,4,10,1958,6,2,1,0,"46.227638","2.213749"
"China (PRC)",159,"Taiwan Straits",1,8,23,1958,11,23,1958,7,1,6,300,"35.86166","104.195397"
"Taiwan (ROC)",159,"Taiwan Straits",2,8,23,1958,11,23,1958,7,2,6,1500,"23.69781","120.960515"
"China (PRC)",160,"Assam",1,10,20,1962,11,22,1962,7,1,1,500,"35.86166","104.195397"
"India",160,"Assam",2,10,20,1962,11,22,1962,7,2,2,1353,"20.593684","78.96288"
"Australia",163,"Vietnam War, Phase 2",2,2,7,1965,12,20,1972,7,2,2,494,"-25.274398","133.775136"
"South Vietnam",163,"Vietnam War, Phase 2",2,2,7,1965,4,30,1975,7,2,2,254257,"10.7680338","106.4141714"
"United States of America",163,"Vietnam War, Phase 2",2,2,7,1965,1,27,1973,7,1,2,58153,"38.899265","-77.1546508"
"Vietnam",163,"Vietnam War, Phase 2",1,2,7,1965,4,30,1975,7,2,1,700000,"14.058324","108.277199"
"South Korea",163,"Vietnam War, Phase 2",2,5,1,1965,1,28,1973,7,2,2,4687,"35.907757","127.766922"
"India",166,"Second Kashmir",2,8,5,1965,9,23,1965,7,2,2,3261,"20.593684","78.96288"
"Pakistan",166,"Second Kashmir",1,8,5,1965,9,23,1965,7,1,1,3800,"30.375321","69.345116"
"Philippines",163,"Vietnam War, Phase 2",2,10,1,1966,1,28,1973,7,2,2,1000,"12.879721","121.774017"
"Egypt",169,"Six Day War",2,6,5,1967,6,10,1967,6,2,2,10000,"26.820553","30.802498"
"Israel",169,"Six Day War",1,6,5,1967,6,10,1967,6,1,1,1000,"31.046051","34.851612"
"Jordan",169,"Six Day War",2,6,5,1967,6,10,1967,6,2,2,6100,"30.585164","36.238414"
"Syria",169,"Six Day War",2,6,5,1967,6,10,1967,6,2,2,2500,"34.802075","38.996815"
"Thailand",163,"Vietnam War, Phase 2",2,10,1,1967,1,28,1973,7,2,2,351,"15.870032","100.992541"
"Laos",170,"Second Laotian, Phase 2",2,1,13,1968,4,17,1973,7,2,2,11250,"19.85627","102.495496"
"United States of America",170,"Second Laotian, Phase 2",2,1,13,1968,4,17,1973,7,2,2,375,"38.899265","-77.1546508"
"Vietnam",170,"Second Laotian, Phase 2",1,1,13,1968,4,17,1973,7,1,1,2250,"14.058324","108.277199"
"Egypt",172,"War of Attrition",2,3,6,1969,8,7,1970,6,1,6,5000,"26.820553","30.802498"
"Israel",172,"War of Attrition",1,3,6,1969,8,7,1970,6,2,6,368,"31.046051","34.851612"
"El Salvador",175,"Football War",1,7,14,1969,7,18,1969,1,1,1,700,"13.794185","-88.89653"
"Honduras",175,"Football War",2,7,14,1969,7,18,1969,1,2,2,1200,"15.199999","-86.241905"
"Cambodia",163,"Vietnam War, Phase 2",2,3,1,1970,4,17,1975,7,2,2,2500,"12.565679","104.990963"
"Thailand",170,"Second Laotian, Phase 2",2,3,17,1970,4,17,1973,7,2,2,-9,"15.870032","100.992541"
"Cambodia",176,"Communist Coalition",2,3,23,1970,7,2,1971,7,2,4,5000,"12.565679","104.990963"
"Vietnam",176,"Communist Coalition",1,3,23,1970,7,2,1971,7,1,4,400,"14.058324","108.277199"
"South Vietnam",176,"Communist Coalition",2,5,1,1970,7,2,1971,7,2,4,1000,"10.7680338","106.4141714"
"United States of America",176,"Communist Coalition",2,5,1,1970,7,2,1971,7,2,4,125,"38.899265","-77.1546508"
"India",178,"Bangladesh",1,12,3,1971,12,17,1971,7,2,1,3241,"20.593684","78.96288"
"Pakistan",178,"Bangladesh",2,12,3,1971,12,17,1971,7,1,2,7982,"30.375321","69.345116"
"Egypt",181,"Yom Kippur War",2,10,6,1973,10,24,1973,6,1,2,7700,"26.820553","30.802498"
"Iraq",181,"Yom Kippur War",2,10,6,1973,10,24,1973,6,2,2,278,"33.223191","43.679291"
"Israel",181,"Yom Kippur War",1,10,6,1973,10,24,1973,6,2,1,2838,"31.046051","34.851612"
"Syria",181,"Yom Kippur War",2,10,6,1973,10,24,1973,6,1,2,3500,"34.802075","38.996815"
"Jordan",181,"Yom Kippur War",2,10,10,1973,10,24,1973,6,2,2,23,"30.585164","36.238414"
"Saudi Arabia",181,"Yom Kippur War",2,10,10,1973,10,24,1973,6,2,2,100,"23.885942","45.079162"
"Cyprus",184,"Turco-Cypriot",2,7,20,1974,7,29,1974,2,2,2,500,"35.126413","33.429859"
"Turkey",184,"Turco-Cypriot",1,7,20,1974,7,29,1974,2,1,1,1000,"38.963745","35.243322"
"Cuba",186,"War over Angola",1,10,23,1975,2,12,1976,4,2,4,1500,"21.521757","-77.781167"
"Democratic Republic of the Congo",186,"War over Angola",2,10,23,1975,2,12,1976,4,2,4,100,"-3.9834936","12.6823942"
"South Africa",186,"War over Angola",2,10,23,1975,2,12,1976,4,1,4,100,"-30.559482","22.937506"
"Angola",186,"War over Angola",1,11,11,1975,2,12,1976,4,2,4,1000,"-11.202692","17.873887"
"Ethiopia",187,"Second Ogaden War, Phase 2",1,7,23,1977,3,9,1978,4,2,4,1800,"9.145","40.489673"
"Somalia",187,"Second Ogaden War, Phase 2",2,7,23,1977,3,9,1978,4,1,4,8000,"5.152149","46.199616"
"Cambodia",189,"Vietnamese-Cambodian",2,9,24,1977,1,8,1979,7,1,4,5000,"12.565679","104.990963"
"Vietnam",189,"Vietnamese-Cambodian",1,9,24,1977,1,8,1979,7,2,4,3000,"14.058324","108.277199"
"Cuba",187,"Second Ogaden War, Phase 2",1,11,23,1977,3,9,1978,4,2,4,700,"21.521757","-77.781167"
"Tanzania",190,"Ugandian-Tanzanian",1,10,28,1978,4,11,1979,4,2,1,1000,"-6.369028","34.888822"
"Uganda",190,"Ugandian-Tanzanian",2,10,28,1978,4,11,1979,4,1,2,1500,"1.373333","32.290275"
"Libya",190,"Ugandian-Tanzanian",2,2,1,1979,4,11,1979,4,2,2,500,"26.3351","17.228331"
"China",193,"Sino-Vietnamese Punitive",1,2,17,1979,3,16,1979,7,1,1,13000,"35.86166","104.195397"
"Vietnam",193,"Sino-Vietnamese Punitive",2,2,17,1979,3,16,1979,7,2,2,8000,"14.058324","108.277199"
"Iran",199,"Iran-Iraq",1,9,22,1980,8,20,1988,6,2,6,750000,"32.427908","53.688046"
"Iraq",199,"Iran-Iraq",2,9,22,1980,8,20,1988,6,1,6,500000,"33.223191","43.679291"
"Argentina",202,"Falkland Islands",2,3,25,1982,6,15,1982,1,1,2,746,"-38.416097","-63.616672"
"United Kingdom",202,"Falkland Islands",1,3,25,1982,6,15,1982,1,2,1,255,"55.378051","-3.435973"
"Israel",205,"War over Lebanon",1,4,21,1982,9,15,1982,6,1,6,455,"31.046051","34.851612"
"Syria",205,"War over Lebanon",2,4,21,1982,9,15,1982,6,2,6,1200,"34.802075","38.996815"
"Chad",207,"War over the Aouzou Strip",1,11,15,1986,9,11,1987,18,1,1,1000,"15.454166","18.732207"
"Libya",207,"War over the Aouzou Strip",2,11,15,1986,9,11,1987,18,2,2,7000,"26.3351","17.228331"
"China",208,"Sino-Vietnamese Border War",1,1,5,1987,2,6,1987,7,1,6,1800,"35.86166","104.195397"
"Vietnam",208,"Sino-Vietnamese Border War",2,1,5,1987,2,6,1987,7,2,6,2200,"14.058324","108.277199"
"Iraq",211,"Gulf War",2,8,2,1990,4,11,1991,6,1,2,40000,"33.223191","43.679291"
"Kuwait",211,"Gulf War",1,8,2,1990,4,11,1991,6,2,1,1000,"29.31166","47.481766"
"Canada",211,"Gulf War",1,1,16,1991,4,11,1991,6,2,1,0,"56.130366","-106.346771"
"Egypt",211,"Gulf War",1,1,16,1991,4,11,1991,6,2,1,14,"26.820553","30.802498"
"France",211,"Gulf War",1,1,16,1991,4,11,1991,6,2,1,2,"46.227638","2.213749"
"Italy",211,"Gulf War",1,1,16,1991,4,11,1991,6,2,1,0,"41.87194","12.56738"
"Morocco",211,"Gulf War",1,1,16,1991,4,11,1991,6,2,1,0,"31.791702","-7.09262"
"Oman",211,"Gulf War",1,1,16,1991,4,11,1991,6,2,1,0,"21.512583","55.923255"
"Qatar",211,"Gulf War",1,1,16,1991,4,11,1991,6,2,1,0,"25.354826","51.183884"
"Saudi Arabia",211,"Gulf War",1,1,16,1991,4,11,1991,6,2,1,44,"23.885942","45.079162"
"Syria",211,"Gulf War",1,1,16,1991,4,11,1991,6,2,1,0,"34.802075","38.996815"
"United Arab Emirates",211,"Gulf War",1,1,16,1991,4,11,1991,6,2,1,6,"23.424076","53.847818"
"United Kingdom",211,"Gulf War",1,1,16,1991,4,11,1991,6,2,1,24,"55.378051","-3.435973"
"United States of America",211,"Gulf War",1,1,16,1991,4,11,1991,6,2,1,376,"38.899265","-77.1546508"
"Bosnia",215,"Bosnian Independence",1,4,7,1992,5,13,1992,2,2,4,2850,"43.8945974","15.4291576"
"Croatia",215,"Bosnian Independence",1,4,7,1992,5,13,1992,2,2,4,500,"45.1","15.2"
"Yugoslavia",215,"Bosnian Independence",2,4,7,1992,5,13,1992,2,1,4,1890,"44.8149028","20.1424149"
"Armenia",216,"Azeri-Armenian",1,2,6,1993,5,12,1994,2,1,1,5500,"40.069099","45.038189"
"Azerbaijan",216,"Azeri-Armenian",2,2,6,1993,5,12,1994,2,2,2,8500,"40.143105","47.576927"
"Ecuador",217,"Cenepa Valley",2,1,9,1995,2,27,1995,1,1,3,550,"-1.831239","-78.183406"
"Peru",217,"Cenepa Valley",1,1,9,1995,2,27,1995,1,2,3,950,"-9.189967","-75.015152"
"Eritrea",219,"Badme Border",1,5,6,1998,12,12,2000,4,1,6,50000,"15.179384","39.782334"
"Ethiopia",219,"Badme Border",2,5,6,1998,12,12,2000,4,2,6,70000,"9.145","40.489673"
"France",221,"War for Kosovo",1,3,24,1999,6,10,1999,2,1,1,0,"46.227638","2.213749"
"Germany",221,"War for Kosovo",1,3,24,1999,6,10,1999,2,1,1,0,"51.165691","10.451526"
"Italy",221,"War for Kosovo",1,3,24,1999,6,10,1999,2,1,1,0,"41.87194","12.56738"
"Netherlands",221,"War for Kosovo",1,3,24,1999,6,10,1999,2,1,1,0,"52.132633","5.291266"
"Turkey",221,"War for Kosovo",1,3,24,1999,6,10,1999,2,1,1,0,"38.963745","35.243322"
"United Kingdom",221,"War for Kosovo",1,3,24,1999,6,10,1999,2,1,1,0,"55.378051","-3.435973"
"United States of America",221,"War for Kosovo",1,3,24,1999,6,10,1999,2,1,1,2,"38.899265","-77.1546508"
"Yugoslavia",221,"War for Kosovo",2,3,24,1999,6,10,1999,2,2,2,5000,"44.8149028","20.1424149"
"India",223,"Kargil War",1,5,8,1999,7,17,1999,7,2,1,474,"20.593684","78.96288"
"Pakistan",223,"Kargil War",2,5,8,1999,7,17,1999,7,1,2,698,"30.375321","69.345116"
"Afghanistan",225,"Invasion of Afghanistan",2,10,7,2001,12,22,2001,7,2,4,4000,"33.93911","67.709953"
"United Kingdom",225,"Invasion of Afghanistan",1,10,7,2001,12,22,2001,7,1,4,0,"55.378051","-3.435973"
"United States of America",225,"Invasion of Afghanistan",1,10,7,2001,12,22,2001,7,1,4,2,"38.899265","-77.1546508"
"Australia",225,"Invasion of Afghanistan",1,10,17,2001,12,22,2001,7,2,4,0,"-25.274398","133.775136"
"France",225,"Invasion of Afghanistan",1,10,21,2001,12,22,2001,7,2,4,0,"46.227638","2.213749"
"Canada",225,"Invasion of Afghanistan",1,11,15,2001,12,22,2001,7,2,4,0,"56.130366","-106.346771"
"Australia",227,"Invasion of Iraq",1,3,19,2003,5,2,2003,6,1,4,0,"-25.274398","133.775136"
"Iraq",227,"Invasion of Iraq",2,3,19,2003,5,2,2003,6,2,4,7000,"33.223191","43.679291"
"United Kingdom",227,"Invasion of Iraq",1,3,19,2003,5,2,2003,6,1,4,33,"55.378051","-3.435973"
"United States of America",227,"Invasion of Iraq",1,3,19,2003,5,2,2003,6,1,4,140,"38.899265","-77.1546508"
